Date,Name,Year,Letterboxd URI,Rating,Rewatch,Tags,Watched Date
2024-05-28,In Case They Don't Arrive,2016,https://boxd.it/6z4mhf,4,,,2017-02-04
2025-08-27,The Negotiation,2018,https://boxd.it/aSpNbt,,,,2018-12-08
2022-10-24,Black Adam,2022,https://boxd.it/3m8TGz,3,,,2022-10-24
2023-12-12,Suzume,2022,https://boxd.it/5jo8S5,3.5,,,2023-03-11
2023-11-06,A Haunting in Venice,2023,https://boxd.it/57yBZV,3,,,2023-11-01
2023-11-06,Love at First Sight,2023,https://boxd.it/57x98x,3.5,,,2023-11-03
2023-11-06,Everything Everywhere All at Once,2022,https://boxd.it/57x6JF,4.5,,,2023-11-04
2023-11-06,Attack on Titan The Final Chapters: Special 1,2023,https://boxd.it/57x4GJ,4.5,,,2023-11-05
2023-11-06,Attack on Titan The Final Chapters: Special 2,2023,https://boxd.it/57x54r,5,,,2023-11-05
2023-11-06,Attack on Titan The Final Chapters: Special 1,2023,https://boxd.it/57x6yn,5,,,2023-11-05
2023-11-30,Kiki's Delivery Service,1989,https://boxd.it/5fgSib,4.5,Yes,,2023-11-12
2023-11-18,The Marvels,2023,https://boxd.it/5baky7,4,,,2023-11-18
2023-11-18,The Hunger Games: The Ballad of Songbirds & Snakes,2023,https://boxd.it/5bal1j,4,,,2023-11-18
2023-12-01,20th Century Girl,2022,https://boxd.it/5fyhoR,4.5,,,2023-12-01
2023-12-03,Batman Begins,2005,https://boxd.it/5fXcl9,4.5,,,2023-12-02
2023-12-10,The Dark Knight,2008,https://boxd.it/5iiD0H,5,,,2023-12-09
2023-12-17,The Dark Knight Rises,2012,https://boxd.it/5kMyqt,3.5,,,2023-12-16
2023-12-17,Leave the World Behind,2023,https://boxd.it/5l77nz,3.5,,,2023-12-17
2023-12-24,The Prestige,2006,https://boxd.it/5nAksN,4.5,,,2023-12-23
2023-12-24,Aquaman and the Lost Kingdom,2023,https://boxd.it/5nAliz,3.5,,,2023-12-23
2023-12-31,Raiders of the Lost Ark,1981,https://boxd.it/5rr9pr,3.5,,,2023-12-30
2024-01-01,2001: A Space Odyssey,1968,https://boxd.it/5smOQR,3.5,,,2023-12-31
2024-01-07,TÁR,2022,https://boxd.it/5vRk7V,4,,,2024-01-06
2024-01-14,The Grand Budapest Hotel,2014,https://boxd.it/5A2JUB,4,,,2024-01-13
2024-01-27,The Secret Life of Walter Mitty,2013,https://boxd.it/5GIz3Z,4.5,,,2024-01-26
2024-01-29,Ratatouille,2007,https://boxd.it/5HOSFp,3.5,,,2024-01-28
2024-02-04,Marriage Story,2019,https://boxd.it/5KBStz,3.5,,,2024-02-03
2024-03-03,Mad Max: Fury Road,2015,https://boxd.it/5XlMJL,3.5,,,2024-03-02
2024-03-11,The Devil Wears Prada,2006,https://boxd.it/61CCYr,4,,,2024-03-09
2024-03-17,Austenland,2013,https://boxd.it/63ZQaz,3.5,,,2024-03-16
2024-03-23,The Favourite,2018,https://boxd.it/66JO2N,4,,,2024-03-22
2024-03-30,In the Mood for Love,2000,https://boxd.it/6a1DBb,5,,,2024-03-29
2024-04-06,Falling in Love Like in Movies,2023,https://boxd.it/6dn4Kj,4,,,2024-04-05
2024-04-13,Your Name Engraved Herein,2020,https://boxd.it/6gFAfF,4.5,,,2024-04-13
2024-04-21,Interstellar,2014,https://boxd.it/6jnOkF,4.5,,,2024-04-20
2024-04-22,Dune,2021,https://boxd.it/6kgH0t,4,,,2024-04-21
2024-04-27,Asteroid City,2023,https://boxd.it/6m7FHP,4,,,2024-04-27
2024-05-05,"Love, Divided",2024,https://boxd.it/6pIlMV,3,,,2024-05-05
2024-05-12,Poor Things,2023,https://boxd.it/6s819p,4,,,2024-05-11
2024-05-18,One Day,2011,https://boxd.it/6uN5ot,3,,,2024-05-18
2024-05-20,Monkey Man,2024,https://boxd.it/6vhOV3,4,,,2024-05-19
2024-05-25,Furiosa: A Mad Max Saga,2024,https://boxd.it/6xC5nb,4,,,2024-05-25
2024-05-25,Lost in Translation,2003,https://boxd.it/6xEEsf,2,,,2024-05-25
2024-06-01,Godzilla Minus One,2023,https://boxd.it/6ADaTZ,4.5,,,2024-06-01
2024-06-01,Saltburn,2023,https://boxd.it/6AEPKL,3.5,,,2024-06-01
2024-06-08,Hit Man,2023,https://boxd.it/6DqkTL,3.5,,,2024-06-08
2024-06-15,Dune: Part Two,2024,https://boxd.it/6Gdgj1,4,,,2024-06-15
2024-06-16,The First Slam Dunk,2022,https://boxd.it/6GEpn1,4.5,,,2024-06-16
2024-06-23,All of Us Strangers,2023,https://boxd.it/6IYt1B,3.5,,,2024-06-22
2024-06-30,Brokeback Mountain,2005,https://boxd.it/6LLwmj,3.5,Yes,,2024-06-29
2024-07-07,The Killer,2023,https://boxd.it/6OIHMD,3.5,,,2024-07-06
2024-07-14,Wish,2023,https://boxd.it/6RPVD7,3,,,2024-07-13
2024-07-20,Anyone But You,2023,https://boxd.it/6UY9mx,3.5,,,2024-07-20
2024-07-27,Please Tell Me So,2021,https://boxd.it/6Y8E9L,3.5,,,2024-07-27
2024-07-28,Find Me Falling,2024,https://boxd.it/6YFxH3,3,,,2024-07-27
2024-07-28,Deadpool & Wolverine,2024,https://boxd.it/6YFtCN,4,,,2024-07-28
2024-08-04,The Nanny Diaries,2007,https://boxd.it/71hZDR,3.5,,,2024-08-03
2024-08-18,My Precious,2023,https://boxd.it/77tunV,4,,,2024-08-17
2024-08-24,Un/Happy for You,2024,https://boxd.it/7aGoGP,3.5,,,2024-08-24
2024-09-01,Eternal Summer,2006,https://boxd.it/7dYhm7,3,,,2024-08-31
2024-09-01,Given,2020,https://boxd.it/7esRkV,3.5,,,2024-09-01
2024-09-07,Se7en,1995,https://boxd.it/7h8yHt,4,,,2024-09-07
2024-09-15,Top Gun: Maverick,2022,https://boxd.it/7kgA2b,4,,,2024-09-14
2024-09-23,Ballerina,2023,https://boxd.it/7nUGyJ,3.5,,,2024-09-22
2024-09-28,Kinds of Kindness,2024,https://boxd.it/7qh0mP,3.5,,,2024-09-28
2024-10-20,Challengers,2024,https://boxd.it/7AFYAF,4.5,,,2024-10-19
2024-10-27,Man in Love,2021,https://boxd.it/7Ed4AT,3.5,,,2024-10-26
2024-11-04,Zodiac,2007,https://boxd.it/7IGr41,4,,,2024-11-03
2024-11-11,Woman of the Hour,2023,https://boxd.it/7M43Mt,3.5,,,2024-11-10
2024-11-18,The Classic,2003,https://boxd.it/7PC8aJ,4.5,,,2024-11-17
2024-12-08,Wicked,2024,https://boxd.it/7ZyaKL,4,,,2024-12-01
2024-12-08,Moana 2,2024,https://boxd.it/7Zycl9,3,,,2024-12-01
2024-12-08,"Hello, Love, Again",2024,https://boxd.it/7ZycWT,3.5,,,2024-12-01
2024-12-09,Our Little Secret,2024,https://boxd.it/8080Ob,3,,,2024-12-08
2024-12-15,The Swan Princess,1994,https://boxd.it/83kSEZ,3.5,,,2024-12-15
2024-12-28,SPY x FAMILY CODE: White,2023,https://boxd.it/8cmZ11,4,,,2024-12-27
2024-12-28,Decision to Leave,2022,https://boxd.it/8cqpZn,3.5,,,2024-12-28
2025-01-27,The Substance,2024,https://boxd.it/8CIn5n,4.5,,,2025-01-26
2025-02-08,Smaller and Smaller Circles,2017,https://boxd.it/8L6uuJ,4,,,2025-02-07
2025-02-09,Queer,2024,https://boxd.it/8LLjzP,3,,,2025-02-08
2025-02-12,John Wick,2014,https://boxd.it/8NSuFr,4,,,2025-02-11
2025-02-15,Ex Ex Lovers,2025,https://boxd.it/8Q7kYL,4,,,2025-02-12
2025-02-16,Okja,2017,https://boxd.it/8Qdluf,4,,,2025-02-15
2025-02-23,Y Tu Mamá También,2001,https://boxd.it/8UWQuB,3.5,,,2025-02-22
2025-03-23,Pulp Fiction,1994,https://boxd.it/9cdB6V,4,,,2025-03-16
2025-03-23,Revelations,2025,https://boxd.it/9cdCK3,3,,,2025-03-22
2025-04-14,Inside Out 2,2024,https://boxd.it/9oGreh,4,,,2025-04-13
2025-04-16,The Man with 1000 Kids,2024,https://boxd.it/9qm5u1,4,,,2025-04-16
2025-04-19,The Boy and the Heron,2023,https://boxd.it/9rzinn,4.5,,,2025-04-18
2025-04-19,Venom: The Last Dance,2024,https://boxd.it/9rzQFl,3.5,,,2025-04-18
2025-04-26,The Accountant²,2025,https://boxd.it/9wubcH,3.5,,,2025-04-26
2025-05-02,Thunderbolts*,2025,https://boxd.it/9zr1Tn,4,,,2025-05-01
2025-05-03,Wicked Little Letters,2023,https://boxd.it/9ABwbZ,3,,,2025-05-03
2025-05-18,Mission: Impossible – Dead Reckoning,2023,https://boxd.it/9ICIxn,4,,,2025-05-17
2025-05-18,Mission: Impossible – The Final Reckoning,2025,https://boxd.it/9Jdmq9,4,,,2025-05-18
2025-06-29,Copycat,1995,https://boxd.it/a9bKQ1,3,,,2025-06-28
2025-07-19,Nosferatu,2024,https://boxd.it/aohS2F,4,,,2025-07-19
2025-07-20,Superman,2025,https://boxd.it/aoYI4R,4.5,,,2025-07-20
2025-07-20,Jurassic World Rebirth,2025,https://boxd.it/ap5XYJ,3.5,,,2025-07-20
2025-07-26,The Fantastic 4: First Steps,2025,https://boxd.it/atQGgv,4,,,2025-07-26
2025-07-31,Sunshine,2024,https://boxd.it/axATgH,5,,,2025-07-30
2025-08-09,Freakier Friday,2025,https://boxd.it/aFbkID,3.5,,,2025-08-09
2025-08-09,Weapons,2025,https://boxd.it/aFbmSP,4.5,,,2025-08-09
2025-08-22,Demon Slayer: Kimetsu no Yaiba Infinity Castle,2025,https://boxd.it/aOk7hN,4.5,,,2025-08-21
2025-08-24,E.T. the Extra-Terrestrial,1982,https://boxd.it/aQqLwN,4,,,2025-08-24
2025-08-29,The Thursday Murder Club,2025,https://boxd.it/aTfjaf,3.5,,,2025-08-28
2025-08-30,Love Untangled,2025,https://boxd.it/aUtBGZ,4,,,2025-08-30
2025-09-02,Sinners,2025,https://boxd.it/aWJMvj,4.5,,,2025-09-02
2025-09-07,Can I Buy Your Love from a Vending Machine?,2023,https://boxd.it/aZVUmZ,3.5,,,2025-09-07
2025-09-08,Unknown Number: The High School Catfish,2025,https://boxd.it/b0D2AV,3.5,,,2025-09-08
2025-09-12,Princess Mononoke,1997,https://boxd.it/b2pjJb,5,Yes,,2025-09-11
2025-09-23,Mickey 17,2025,https://boxd.it/b975QJ,4,,,2025-09-21
2025-10-13,Victoria Beckham,2025,https://boxd.it/bmb3lT,4,,,2025-10-12
2025-10-19,The Woman in Cabin 10,2025,https://boxd.it/bpehiH,3.5,,,2025-10-18
2025-10-19,Quezon,2025,https://boxd.it/bpXgad,4,,,2025-10-19
2025-10-24,Longlegs,2024,https://boxd.it/bt899V,5,,,2025-10-24
2025-11-02,Companion,2025,https://boxd.it/bz7Hbt,3.5,,,2025-11-02
2025-11-02,No Other Choice,2025,https://boxd.it/bzJDOR,4.5,,,2025-11-02
2025-11-10,Frankenstein,2025,https://boxd.it/bEyuM1,4,,,2025-11-09
2025-11-20,In Your Dreams,2025,https://boxd.it/bLU5sx,3,,,2025-11-16
2025-11-20,Death of a Unicorn,2025,https://boxd.it/bLU7aZ,3,,,2025-11-17
2025-11-20,Trap,2024,https://boxd.it/bLZmkv,3.5,,,2025-11-20
2025-11-21,Juror #2,2024,https://boxd.it/bMIUVb,3.5,,,2025-11-20
2025-11-23,Wicked: For Good,2025,https://boxd.it/bOeJx1,4,,,2025-11-23
2025-11-24,Train Dreams,2025,https://boxd.it/bP06Md,4,,,2025-11-24
2025-11-24,One Battle After Another,2025,https://boxd.it/bPaSID,4,,,2025-11-24
2025-11-27,Bugonia,2025,https://boxd.it/bR40Wn,4.5,,,2025-11-27
2025-11-29,May December,2023,https://boxd.it/bSejRv,3.5,,,2025-11-29
2025-12-11,Bring Her Back,2025,https://boxd.it/c0lwKj,3.5,,,2025-12-11
2025-12-11,Anora,2024,https://boxd.it/c0pRVv,4,,,2025-12-11
2025-12-13,Wake Up Dead Man,2025,https://boxd.it/c1corJ,4,,,2025-12-12
2025-12-16,The Woman in the Yard,2025,https://boxd.it/c4il71,3.5,,,2025-12-16
2025-12-21,10DANCE,2025,https://boxd.it/c8fGen,4.5,,,2025-12-20
2025-12-29,The Perfect Neighbor,2025,https://boxd.it/ciAFKT,4,,,2025-12-29
2026-01-11,Sore: A Wife from the Future,2025,https://boxd.it/cyCzsH,4.5,,,2026-01-10
2026-01-19,KINKI,2025,https://boxd.it/cIEPaD,4,,,2026-01-19
2026-01-28,Captain America: Brave New World,2025,https://boxd.it/cS5VSh,3,,,2026-01-28
2026-04-21,Conclave,2024,https://boxd.it/e3SOaR,4,,,2026-04-09
2026-04-21,Abigail,2024,https://boxd.it/e3TPbj,3,,,2026-04-21
2026-04-22,Mallari,2023,https://boxd.it/e4FFGR,3.5,,,2026-04-22
2026-04-25,My Beautiful Man: Eternal,2023,https://boxd.it/e68fM7,3.5,,,2026-04-24
2026-05-03,Wuthering Heights,2026,https://boxd.it/edsub9,2.5,,,2026-05-03
2026-05-11,Remarkably Bright Creatures,2026,https://boxd.it/ejJcy3,3.5,,,2026-05-10
2026-05-13,Mudborn,2025,https://boxd.it/elnJOR,3,,,2026-05-13
2026-05-14,Twisters,2024,https://boxd.it/elXhMl,3.5,,,2026-05-14
2026-05-16,The Sheep Detectives,2026,https://boxd.it/enLmKj,4.5,,,2026-05-16
2026-05-31,Project Hail Mary,2026,https://boxd.it/eAkmEN,5,,,2026-05-26
2026-05-31,Salmokji: Whispering Water,2026,https://boxd.it/eAp6yJ,3,,,2026-05-31
2026-05-31,Colony,2026,https://boxd.it/eAp8TT,3.5,,,2026-05-31
2026-06-16,Maternal Instinct,2026,https://boxd.it/eOzBP3,3,,,2026-06-16
2026-06-20,Pillion,2025,https://boxd.it/eRMIa5,4,,,2026-06-20
2026-06-27,Supergirl,2026,https://boxd.it/eXMWnL,4,,,2026-06-27
2026-07-06,Minions & Monsters,2026,https://boxd.it/f5Gilb,4,,,2026-07-04
2026-07-15,The Devil All the Time,2020,https://boxd.it/ffnIPD,3.5,,,2026-07-15
2026-07-18,The Odyssey,2026,https://boxd.it/fiqDUL,5,,,2026-07-18
2026-08-03,Spider-Man: Brand New Day,2026,https://boxd.it/fB87Rl,4.5,,,2026-08-02
